Country Name,YEAR,overall,rural,urban
Bangladesh,2000,55.906702278706206,59.410350808872096,44.5580857276619
Bangladesh,2001,55.925322419462795,59.53275063454429,44.5616842678086
Bangladesh,2002,55.9195044249781,59.655150460216504,44.56528280795529
Bangladesh,2003,55.9101392108445,59.7775502858887,44.568881348101996
Bangladesh,2004,55.897333024061005,59.8999501115609,44.5724798882487
Bangladesh,2005,55.8813574294568,60.0223499372331,44.5760784283954
Bangladesh,2006,55.861708521202296,60.14474976290529,44.579676968542095
Bangladesh,2007,55.838492567862,60.267149588577496,44.58327550868879
Bangladesh,2008,55.8118301438606,60.38954941424971,44.586874048835405
Bangladesh,2009,55.781837933646095,60.5119492399219,44.5904725889821
Bangladesh,2010,55.748158206391004,60.6343490655941,44.5940711291288
Bangladesh,2011,55.711076152799905,60.7567488912663,44.597669669275504
Bangladesh,2012,55.6713649000337,60.879148716938495,44.60126820942221
Bangladesh,2013,55.629668808220394,61.0015485426107,44.6048667495689
Bangladesh,2014,55.585480969436105,61.1239483682828,44.6084652897156
Bangladesh,2015,55.5394594783626,61.246348193955,44.6120638298623
Bangladesh,2016,55.491262960288296,61.3687480196272,44.615662370009005
Bangladesh,2017,55.4412263929523,61.491147845299395,44.61926091015571
Bhutan,2000,28.5512940677806,21.7311202903374,48.5631829091653
Bhutan,2001,29.121693138934802,22.111838581730698,48.5840999131182
Bhutan,2002,29.691762255211703,22.492556873124105,48.605016917071104
Bhutan,2003,30.2611985444565,22.873275164517498,48.625933921024
Bhutan,2004,30.8299516299005,23.253993455910802,48.646850924976796
Bhutan,2005,31.3861982607832,23.634711747304202,48.6677679289297
Bhutan,2006,31.839813328019098,24.015430038697602,48.6886849328826
Bhutan,2007,32.2904837700353,24.3961483300908,48.70960193683539
Bhutan,2008,32.738102399119896,24.7768666214842,48.7305189407883
Bhutan,2009,33.181853108636304,25.157584912877496,48.7514359447412
Bhutan,2010,33.6221258529616,25.538303204270896,48.772352948694
Bhutan,2011,34.0588222084035,25.9190214956643,48.793269952646895
Bhutan,2012,34.4884688436605,26.2997397870577,48.8141869565998
Bhutan,2013,34.9106872645578,26.680458078451,48.8351039605527
Bhutan,2014,35.3253453131239,27.0611763698444,48.856020964505504
Bhutan,2015,35.7239651490472,27.427909549825,48.87693796845839
Bhutan,2016,35.997318957621395,27.6,48.8978549724113
Bhutan,2017,36.1631110705627,27.6,48.9187719763641
Cambodia,2000,16.8751754088263,10.809207560371599,43.4465040781974
Cambodia,2001,17.3384042761311,11.154370948636801,44.218768403516904
Cambodia,2002,17.8026349122474,11.4995343369019,44.991032728836096
Cambodia,2003,18.2678628733198,11.844697725167,45.763297054155395
Cambodia,2004,18.734434520191602,12.1898611134322,46.5355613794746
Cambodia,2005,19.202360549991397,12.535024501697302,47.307825704794105
Cambodia,2006,19.6713048360517,12.880187889962402,48.0800900301134
Cambodia,2007,20.1416209271348,13.225351278227599,48.8523543554326
Cambodia,2008,20.6266624288827,13.570514666492699,49.624618680751894
Cambodia,2009,21.1863819885036,13.9156780547578,50.3968830060711
Cambodia,2010,21.751013977550397,14.260841443023,51.1691473313906
Cambodia,2011,22.320620557460103,14.6060048312881,51.9414116567099
Cambodia,2012,22.895267054734802,14.9511682195532,52.7136759820291
Cambodia,2013,23.4746366747247,15.2963316078184,53.48594030734839
Cambodia,2014,24.059550710787303,15.6414949960835,54.2582046326676
Cambodia,2015,24.6496989047878,15.9866583843486,55.0304689579871
Cambodia,2016,25.245142694927303,16.3318217726138,55.802733283306395
Cambodia,2017,25.8455487850533,16.6769851608789,56.5749976086256
Colombia,2000,68.2630724695423,32.9005720938071,80.7155188273669
Colombia,2001,68.64866956102779,33.3215452248918,80.8176467223589
Colombia,2002,69.02969103895701,33.7425183559767,80.9197746173508
Colombia,2003,69.4061703232257,34.1634914870616,81.02190251234279
Colombia,2004,69.7776851478833,34.5844646181463,81.1240304073348
Colombia,2005,70.14427597349871,35.0054377492312,81.2261583023268
Colombia,2006,70.5060017311792,35.4264108803159,81.32828619731879
Colombia,2007,70.7850166108798,35.8473840114008,81.3296192206882
Colombia,2008,71.05829049518029,36.268357142485705,81.3306994154757
Colombia,2009,71.32587073485,36.6893302735704,81.33152678168109
Colombia,2010,71.58738777972671,37.1103034046553,81.33210131930441
Colombia,2011,71.8429042043742,37.531276535740204,81.3324230283458
Colombia,2012,72.09292941474709,37.9522496668249,81.3324919088051
Colombia,2013,72.3371035240105,38.3732227979098,81.3323079606823
Colombia,2014,72.575489817128,38.794195928994604,81.3318711839775
Colombia,2015,72.8085854510703,39.2151690600794,81.3311815786907
Colombia,2016,72.99789791098391,39.636142191164296,81.2821135132498
Colombia,2017,73.23342574219821,40.057115322249,81.29758572107079
"Congo, Rep.",2000,27.4222903952088,6.949790849905959,41.8292524054492
"Congo, Rep.",2001,27.583084115953998,6.949790849905959,41.8292524054492
"Congo, Rep.",2002,27.7818051782105,6.949790849905959,41.8928686762156
"Congo, Rep.",2003,27.980412391566,6.949790849905959,41.9564849469821
"Congo, Rep.",2004,29.576396857195,7.6603863634056,43.865446790994795
"Congo, Rep.",2005,31.195250184502502,8.39471825453081,45.7799961514691
"Congo, Rep.",2006,32.8366629335504,9.15278652328194,47.700133028405396
"Congo, Rep.",2007,34.5007073058328,9.934591169658882,49.6258574218042
"Congo, Rep.",2008,36.1879212580404,10.740132193661198,51.5571693316646
"Congo, Rep.",2009,37.8980952799631,11.5694095952896,53.4940687579871
"Congo, Rep.",2010,39.631442850259994,12.4224233745435,55.436555700772
"Congo, Rep.",2011,41.3869007294224,13.299173531423301,57.3846301600185
"Congo, Rep.",2012,42.42858103642529,14.199660065929,58.1911826925216
"Congo, Rep.",2013,43.013241800146396,15.12388297806,58.2782269047674
"Congo, Rep.",2014,43.5985214189514,16.0718422678171,58.36527111701321
"Congo, Rep.",2015,44.1840939164007,17.043537935199698,58.4523153292591
"Congo, Rep.",2016,44.76963233834871,18.0389699802083,58.5393595415049
"Congo, Rep.",2017,45.354813073232,19.058138402842697,58.62640375375071
Costa Rica,2000,86.70739460005171,73.772297372977,95.676890808297
Costa Rica,2001,87.2966944469437,74.4385482740508,95.7233412162438
Costa Rica,2002,87.86605176785,75.1047991751249,95.7697916241905
Costa Rica,2003,88.41555477507521,75.7710500761987,95.8162420321372
Costa Rica,2004,88.9449247829413,76.4373009772728,95.862692440084
Costa Rica,2005,89.45355879276491,77.1035518783466,95.9091428480307
Costa Rica,2006,89.9424609476102,77.7698027794204,95.9555932559774
Costa Rica,2007,90.4114898322246,78.4360536804945,96.0020436639241
Costa Rica,2008,90.8612655720052,79.1023045815683,96.0484940718709
Costa Rica,2009,91.29090382958108,79.7685554826423,96.0949444798176
Costa Rica,2010,91.7020822070894,80.43480638371621,96.1413948877643
Costa Rica,2011,92.0944948722295,81.10105728479,96.187845295711
Costa Rica,2012,92.4650667859106,81.7673081858641,96.23429570365779
Costa Rica,2013,92.8147978584796,82.4335590869379,96.2807461116045
Costa Rica,2014,93.1448175068978,83.0998099880119,96.3271965195512
Costa Rica,2015,93.45603155261101,83.7660608890858,96.3730358311491
Costa Rica,2016,93.7039007288698,84.3849940226298,96.3730358311491
Costa Rica,2017,93.80279699014359,84.3849940226298,96.3730358311491
Cote d'Ivoire,2000,33.7368419488097,15.8712501881864,57.26991167274429
Cote d'Ivoire,2001,33.916075907027896,15.982360178554801,57.144946011207296
Cote d'Ivoire,2002,34.0939666405362,16.0930915121735,57.0199803496703
Cote d'Ivoire,2003,34.270092995924,16.2034441890426,56.895014688133294
Cote d'Ivoire,2004,34.444866047705695,16.313418209162098,56.7700490265963
Cote d'Ivoire,2005,34.6170645900086,16.4230135725319,56.64508336505939
Cote d'Ivoire,2006,34.7875000040882,16.5322302791522,56.520117703522395
Cote d'Ivoire,2007,34.9561720679186,16.6410683290228,56.3951520419854
Cote d'Ivoire,2008,35.1230766726682,16.7495277221438,56.2701863804484
Cote d'Ivoire,2009,35.2874263964734,16.8576084585153,56.145220718911396
Cote d'Ivoire,2010,35.4500170604242,16.9653105381371,56.0202550573745
Cote d'Ivoire,2011,35.610840134143,17.0726339610092,55.895289395837494
Cote d'Ivoire,2012,35.769512133982296,17.1795787271318,55.7703237343005
Cote d'Ivoire,2013,35.9260366444443,17.2861448365048,55.6453580727635
Cote d'Ivoire,2014,36.08041955462121,17.3923322891281,55.520392411226595
Cote d'Ivoire,2015,36.236074532688896,17.4981410850018,55.395426749689506
Cote d'Ivoire,2016,36.39219240224671,17.603571224125897,55.2704610881526
Cote d'Ivoire,2017,36.549103713684104,17.7086227065004,55.145495426615604
Ecuador,2000,66.22777730438379,49.5085384038251,77.235762319166
Ecuador,2001,66.8520654781407,50.0019372733696,77.7164206421842
Ecuador,2002,67.42608727753961,50.49533614291389,78.19707896520251
Ecuador,2003,67.966524398335,50.9887350124582,78.6777372882207
Ecuador,2004,68.5069070050769,51.48213388200271,79.158395611239
Ecuador,2005,69.0469655174243,51.9755327515471,79.63905393425729
Ecuador,2006,69.5867032116594,52.46893162109139,80.1197122572755
Ecuador,2007,70.1266564806711,52.9623304906359,80.6003705802936
Ecuador,2008,70.6662932135282,53.45572936018029,81.08102890331179
Ecuador,2009,71.2055968705821,53.9491282297248,81.5616872263301
Ecuador,2010,71.7448554108345,54.44252709926911,82.0423455493484
Ecuador,2011,72.274681086333,54.93592596881349,82.52300387236659
Ecuador,2012,72.7978481534086,55.429324838358,83.0036621953849
Ecuador,2013,73.3209818663889,55.9227237079023,83.4843205184031
Ecuador,2014,73.8438026303727,56.4161225774466,83.9649788414214
Ecuador,2015,74.3668655599261,56.90952144699121,84.4456371644395
Ecuador,2016,74.8514112329373,57.4029203165355,84.86615
Ecuador,2017,75.06801241637609,57.89631918608001,84.86615
Ethiopia,2000,4.528770178271951,0.0,30.7243585941092
Ethiopia,2001,4.92116729101245,0.0010873746986714,32.9620315430247
Ethiopia,2002,5.40115681342069,0.0896517020508637,35.2233022639697
Ethiopia,2003,5.62690477413049,0.20442611777663602,35.622313794161
Ethiopia,2004,5.8460049962174905,0.345410621875975,35.823961691307105
Ethiopia,2005,6.0881468323792,0.512605214348855,36.0256095884533
Ethiopia,2006,6.35353302090654,0.706009895195355,36.227257485599395
Ethiopia,2007,6.647332932765321,0.92562466441541,36.4289053827456
Ethiopia,2008,7.0257474059431795,1.1714495220090702,36.6305532798917
Ethiopia,2009,7.427716339522441,1.44348446797627,36.832201177037895
Ethiopia,2010,7.85397160876156,1.7417295023170802,37.033849074184
Ethiopia,2011,8.303462263857138,2.06618462503143,37.23549697133021
Ethiopia,2012,8.77653561082652,2.4168498361193502,37.437144868476295
Ethiopia,2013,9.26619685871065,2.7937251355808903,37.638792765622505
Ethiopia,2014,9.77840677353694,3.19681052341596,37.8404406627686
Ethiopia,2015,10.3124430678559,3.62610599962466,38.0420885599148
Ethiopia,2016,10.868258868828098,4.08161156420687,38.243736457061
Ethiopia,2017,11.4447731632854,4.563327217162731,38.4453843542071
Ghana,2000,13.0987020919469,0.218770969685651,29.5386541656581
Ghana,2001,13.3731541231743,0.222640542675562,29.7074351799558
Ghana,2002,14.5829240008404,0.782053945666215,31.264373071470004
Ghana,2003,15.824237362248098,1.3604485530323702,32.836995313653695
Ghana,2004,17.0974093606444,1.95782436477403,34.425301906507805
Ghana,2005,18.4011251576394,2.57418138089122,36.029292850031396
Ghana,2006,19.7363225601493,3.20951960138389,37.648968144225
Ghana,2007,21.102636991117002,3.8638390262521,39.2843277890889
Ghana,2008,22.500031458878897,4.53713965549562,40.9353717846224
Ghana,2009,23.9273462917661,5.229421489114809,42.6021001308262
Ghana,2010,25.385990464626797,5.94068452710955,44.2845128276995
Ghana,2011,26.874774773133,6.67092876947975,45.982609875243206
Ghana,2012,28.3931994314953,7.42015421622551,47.6963912734564
Ghana,2013,29.9403155168585,8.18836086734672,49.4258570223396
Ghana,2014,31.5159400151335,8.975548722843449,51.171007121893204
Ghana,2015,33.1198924294347,9.781717782715731,52.9318415721163
Ghana,2016,34.7519949384959,10.6068680469635,54.708360373009704
Ghana,2017,36.4116127604727,11.4509995155866,56.5005635245726
Guatemala,2000,46.635685295357106,39.476994578445705,55.268687828332006
Guatemala,2001,47.185176262239295,39.8669332579996,55.891815593257704
Guatemala,2002,47.737337517769795,40.2568719375535,56.5169853620233
Guatemala,2003,48.288070110711296,40.6468106171073,57.144197134629
Guatemala,2004,48.8387302308724,41.0367492966614,57.7734509110746
Guatemala,2005,49.391604635563205,41.426687976215206,58.40474669136021
Guatemala,2006,49.9468764586111,41.8166266557691,59.038084475485704
Guatemala,2007,50.5047396750603,42.206565335323,59.6734642634513
Guatemala,2008,51.06521856487821,42.5965040148769,60.310886055256795
Guatemala,2009,51.6278009006987,42.9864426944308,60.95034985090221
Guatemala,2010,52.1932171516166,43.37638137398479,61.59185565038771
Guatemala,2011,52.7609482782986,43.766320053538706,62.235403453713104
Guatemala,2012,53.33137878342399,44.156258733092606,62.8809932608785
Guatemala,2013,53.9066222009583,44.54619741264651,63.528625071883894
Guatemala,2014,54.486791114443704,44.93613609220039,64.1782988867293
Guatemala,2015,55.072388972465,45.3260747717544,64.83001470541471
Guatemala,2016,55.662952572837895,45.7160134513083,65.4837725279399
Guatemala,2017,55.99078168646621,46.10595213086221,65.6103516571679
IDA blend,2000,29.990711449404397,22.866690752150102,44.0217585533183
IDA blend,2001,30.1684502084497,23.068830788345497,43.8447067439246
IDA blend,2002,30.3210415885483,23.236976030355702,43.7121452202712
IDA blend,2003,30.4659014369705,23.399940491262196,43.4966895342679
IDA blend,2004,30.620365362913603,23.5641706529699,43.300305524514705
IDA blend,2005,30.661212050661604,23.726013081492802,42.823232834977
IDA blend,2006,30.699669812271498,23.886043775754104,42.35582546819129
IDA blend,2007,30.737932188628804,24.044757668316397,41.903996891674105
IDA blend,2008,30.775570019788198,24.2019937320989,41.4667116473925
IDA blend,2009,30.8299405500913,24.3899052042757,41.040116340306
IDA blend,2010,30.9029785125646,24.5792574553128,40.666688465300396
IDA blend,2011,30.9553360708292,24.766806886440897,40.2733807155042
IDA blend,2012,30.956908676790103,24.949146239368897,39.796309888439396
IDA blend,2013,30.951190740281,25.129378435500197,39.320812007343605
IDA blend,2014,30.9430779806634,25.3050194132203,38.860180026659705
IDA blend,2015,30.9122167892169,25.475981942498397,38.410781758256
IDA blend,2016,30.8798546844877,25.6453545908387,37.9721731608036
IDA blend,2017,30.8464153104805,25.8129817280016,37.5416182292626
"Iran, Islamic Rep.",2000,91.0714193612386,83.30122820932971,95.43418969168421
"Iran, Islamic Rep.",2001,91.15828917226679,83.30122820932971,95.43418969168421
"Iran, Islamic Rep.",2002,91.244438337671,83.30122820932971,95.43418969168421
"Iran, Islamic Rep.",2003,91.32985367161909,83.30122820932971,95.43418969168421
"Iran, Islamic Rep.",2004,91.41441858458549,83.30122820932971,95.43418969168421
"Iran, Islamic Rep.",2005,91.43820711668761,83.2346874316353,95.37761643363069
"Iran, Islamic Rep.",2006,91.4611640533133,83.16814665394101,95.3210431755772
"Iran, Islamic Rep.",2007,91.4774402848987,83.1016058762466,95.2644699175236
"Iran, Islamic Rep.",2008,91.4900704717852,83.0350650985523,95.2078966594701
"Iran, Islamic Rep.",2009,91.5019681313068,82.96852432085791,95.15132340141659
"Iran, Islamic Rep.",2010,91.51324668720551,82.9019835431635,95.0947501433631
"Iran, Islamic Rep.",2011,91.5237867297112,82.83544276546921,95.0381768853096
"Iran, Islamic Rep.",2012,91.5321257991539,82.7689019877748,94.98160362725609
"Iran, Islamic Rep.",2013,91.53874198862471,82.7023612100805,94.9250303692025
"Iran, Islamic Rep.",2014,91.60413134621142,82.7023612100805,94.9250303692025
"Iran, Islamic Rep.",2015,91.66866708241791,82.7023612100805,94.9250303692025
"Iran, Islamic Rep.",2016,91.732466546091,82.7023612100805,94.9250303692025
"Iran, Islamic Rep.",2017,91.7952932363218,82.7023612100805,94.9250303692025
Iraq,2000,50.03513692203429,27.081647687332698,60.5923467706987
Iraq,2001,50.5513737733905,28.220159165535,60.79669229278421
Iraq,2002,51.066598823060104,29.358670643737195,61.001037814869605
Iraq,2003,51.5808193759552,30.497182121939897,61.205383336954895
Iraq,2004,52.094027954869794,31.6356936001421,61.4097288590403
Iraq,2005,52.6114649196661,32.7909693776171,61.61407438112571
Iraq,2006,53.122551048415204,33.9300632146317,61.8184199032111
Iraq,2007,53.6329161465015,35.0691570516463,62.0227654252965
Iraq,2008,54.1422692482158,36.2082508886609,62.227110947381895
Iraq,2009,54.6503657151753,37.347344725675505,62.4314564694672
Iraq,2010,55.174374259626205,38.486438562690104,62.635801991552604
Iraq,2011,55.7058296586197,39.6255323997051,62.84014751363811
Iraq,2012,56.23398296854529,40.76462623671971,63.0444930357234
Iraq,2013,56.758855391616,41.9037200737343,63.2488385578088
Iraq,2014,57.28068053807571,43.042813910748905,63.4531840798942
Iraq,2015,57.7994569436953,44.1819077477635,63.6575296019796
Iraq,2016,58.3170402421069,45.3210015847781,63.861875124064895
Iraq,2017,58.8333265989116,46.46009542179271,64.0662206461504
Israel,2000,99.9161533954388,99.9626558741259,99.9116713286713
Israel,2001,99.9161228149398,99.9626558741259,99.9116713286713
Israel,2002,99.91609364269449,99.9626558741259,99.9116713286713
Israel,2003,99.9160566883272,99.9626558741259,99.9116713286713
Israel,2004,99.91603121855101,99.9626558741259,99.9116713286713
Israel,2005,99.9159976860857,99.9626558741259,99.9116713286713
Israel,2006,99.915965129179,99.9626558741259,99.9116713286713
Israel,2007,99.9159304845483,99.9626558741259,99.9116713286713
Israel,2008,99.8623661491315,99.8862349300699,99.8602062937063
Israel,2009,99.8088329720248,99.809813986014,99.8087412587413
Israel,2010,99.75532565143119,99.73339304195801,99.7572762237762
Israel,2011,99.7018521184477,99.65697209790208,99.70581118881121
Israel,2012,99.6484106650568,99.58055115384609,99.6543461538462
Israel,2013,99.59500932553179,99.5041302097902,99.60288111888109
Israel,2014,99.54164589314199,99.4277092657343,99.5514160839161
Israel,2015,99.48832564428508,99.3512883216783,99.49995104895099
Israel,2016,99.43504024036942,99.27486737762241,99.448486013986
Israel,2017,99.3818036813007,99.1984464335664,99.397020979021
"Korea, Dem. People’s Rep.",2000,68.9994674985344,54.8,78.7
"Korea, Dem. People’s Rep.",2001,69.018349300337,54.8,78.7
"Korea, Dem. People’s Rep.",2002,69.0372298765833,54.8,78.7
"Korea, Dem. People’s Rep.",2003,69.055871795025,54.8,78.7
"Korea, Dem. People’s Rep.",2004,69.0363182632377,54.740117883874504,78.6760257701566
"Korea, Dem. People’s Rep.",2005,68.828404022016,54.3462644048631,78.5618643965182
"Korea, Dem. People’s Rep.",2006,68.6211709833474,53.952410925851794,78.44770302287981
"Korea, Dem. People’s Rep.",2007,68.414133658056,53.5585574468404,78.33354164924141
"Korea, Dem. People’s Rep.",2008,68.20753194877811,53.164703967829,78.219380275603
"Korea, Dem. People’s Rep.",2009,68.0208733919813,52.7708504888177,78.1052189019647
"Korea, Dem. People’s Rep.",2010,67.8419981475497,52.3769970098063,77.99105752832631
"Korea, Dem. People’s Rep.",2011,67.6636228148728,51.983143530795004,77.8768961546878
"Korea, Dem. People’s Rep.",2012,67.4865170025617,51.5892900517836,77.7627347810494
"Korea, Dem. People’s Rep.",2013,67.3101582885573,51.195436572772294,77.64857340741109
"Korea, Dem. People’s Rep.",2014,67.1348069892947,50.801583093760904,77.53441203377271
"Korea, Dem. People’s Rep.",2015,66.9601923568061,50.4077296147495,77.4202506601343
"Korea, Dem. People’s Rep.",2016,66.79067235046121,50.0138761357382,77.3060892864959
"Korea, Dem. People’s Rep.",2017,66.62582247414761,49.620022656726796,77.19192791285751
Kyrgyz Republic,2000,46.3508739778634,27.768746562396196,80.41232002519521
Kyrgyz Republic,2001,46.349824143625796,27.768746562396196,80.41232002519521
Kyrgyz Republic,2002,46.578224366105296,28.0182339537354,80.6035615139277
Kyrgyz Republic,2003,46.8061048497892,28.2677213450747,80.79480300266029
Kyrgyz Republic,2004,47.0345094447464,28.5172087364139,80.98604449139279
Kyrgyz Republic,2005,48.678997248822796,30.471235521143104,82.0659130751743
Kyrgyz Republic,2006,50.3446378081964,32.4548285156875,83.1499686027917
Kyrgyz Republic,2007,52.030406637547905,34.4679877200457,84.2382110742452
Kyrgyz Republic,2008,53.736825315418905,36.5107131342191,85.3306404895349
Kyrgyz Republic,2009,55.4643713658435,38.58300475820639,86.4272568486607
Kyrgyz Republic,2010,57.2233229026091,40.6848625920081,87.52806015162291
Kyrgyz Republic,2011,59.0134308572882,42.816286635625204,88.63305039842109
Kyrgyz Republic,2012,60.834365255992296,44.97727688905599,89.7422275890555
Kyrgyz Republic,2013,62.6844136687158,47.167833352302104,90.8555917235259
Kyrgyz Republic,2014,64.5547811455946,49.3879560253619,91.9495573982296
Kyrgyz Republic,2015,66.33918426354491,51.637644908236396,92.7297947934206
Kyrgyz Republic,2016,68.14770029045741,53.916900000926,93.5084874297106
Kyrgyz Republic,2017,68.2233199904003,53.916900000926,93.5084874297106
Lao PDR,2000,5.08624397709875,0.472656370152291,21.4654560117317
Lao PDR,2001,6.85009442577124,2.4021025939162,21.747085866442198
Lao PDR,2002,8.74184843178267,4.535868140495349,22.0287157211526
Lao PDR,2003,10.4026536186266,6.40670473845368,22.310345575863103
Lao PDR,2004,10.8831666681233,6.717347042592701,22.5919754305736
Lao PDR,2005,11.3357787032652,7.02798934673185,22.873605285284
Lao PDR,2006,11.7274227581389,7.33863165087087,23.155235139994502
Lao PDR,2007,12.119688184264698,7.64927395501001,23.436864994705
Lao PDR,2008,12.513042214791698,7.95991625914903,23.718494849415396
Lao PDR,2009,12.9068482756213,8.27055856328818,24.000124704125902
Lao PDR,2010,13.3014150803102,8.5812008674272,24.281754558836397
Lao PDR,2011,13.6967375152563,8.89184317156634,24.5633844135468
Lao PDR,2012,14.092966048770899,9.202485475705359,24.8450142682572
Lao PDR,2013,14.4894678634882,9.51312777984451,25.1266441229677
Lao PDR,2014,14.8867079506304,9.82377008398353,25.4082739776782
Lao PDR,2015,15.2845245543941,10.1344123881227,25.6899038323886
Lao PDR,2016,15.683067805789198,10.4450546922617,25.971533687099104
Lao PDR,2017,16.0818658450471,10.7556969964008,26.253163541809602
Low income,2000,18.3030749400053,9.00081510565276,44.59634004545521
Low income,2001,18.467726251085,9.09126054727853,44.5586079383493
Low income,2002,18.7175292118071,9.24581957539809,44.679763016345206
Low income,2003,19.0258711418216,9.468654758342801,44.8147451036997
Low income,2004,19.4165551254621,9.71936744532439,45.180275911040496
Low income,2005,19.837038089965198,9.98294674774748,45.5868011320268
Low income,2006,20.310148776137396,10.293980027674,46.0376935128755
Low income,2007,20.816588921658198,10.6536432103109,46.559308811219
Low income,2008,21.3865167460657,11.042436733952698,47.06754676733829
Low income,2009,21.9593416622628,11.4350923719164,47.5758087768995
Low income,2010,22.530953491951397,11.830763706592698,48.076466701679294
Low income,2011,22.8024800547157,12.051600162033301,48.0486842302041
Low income,2012,23.347425159130896,12.483050850278802,48.4725816606915
Low income,2013,23.912313225224,12.926989817244198,48.92872986685371
Low income,2014,24.5124645080483,13.3912812879555,49.4349618936665
Low income,2015,25.168332148922897,13.845074902897698,50.0634148084639
Low income,2016,25.820698650222898,14.27423360481,50.7115896719754
Low income,2017,26.676222812450398,14.8195776943241,51.7243008713089
Lower middle income,2000,,30.521388422059303,
Lower middle income,2001,,31.752736167709102,
Lower middle income,2002,,33.037587429763796,
Lower middle income,2003,,34.34115949092789,
Lower middle income,2004,41.7529918226599,35.7478056916767,53.1635924274731
Lower middle income,2005,42.7035603740007,37.2295348162509,52.92262372042521
Lower middle income,2006,43.663385585564,38.7215687326316,52.727055533104895
Lower middle income,2007,44.62121713606339,40.2273910415034,52.5374778628298
Lower middle income,2008,45.578670773434105,41.7483159790178,52.356604151824996
Lower middle income,2009,46.539578679917604,43.290976369187796,52.184762041755896
Lower middle income,2010,47.49985820856379,44.8518301294844,52.01838660733279
Lower middle income,2011,48.454747306234,46.426517196400205,51.853553161705506
Lower middle income,2012,49.4030176447865,48.0163948699229,51.6848047670293
Lower middle income,2013,50.3439721388744,49.6142252133821,51.5229829479911
Lower middle income,2014,51.2171360351674,51.1231190175148,51.36624004774429
Lower middle income,2015,52.0644180502522,52.61145214135139,51.212993909827794
Lower middle income,2016,52.8918759291751,54.1108735093734,51.0302043861285
Lower middle income,2017,53.658072109652096,55.5465483629091,50.82877587403149
Luxembourg,2000,100.00000174944799,100.0,100.0
Luxembourg,2001,100.00000173317301,100.0,100.0
Luxembourg,2002,100.0,100.0,100.0
Luxembourg,2003,99.9999982944289,100.0,100.0
Luxembourg,2004,100.000001688595,100.0,100.0
Luxembourg,2005,100.000000833191,100.0,100.0
Luxembourg,2006,100.000000819389,100.0,100.0
Luxembourg,2007,100.000003214258,100.0,100.0
Luxembourg,2008,99.9999992136347,100.0,100.0
Luxembourg,2009,99.9999976940205,100.0,100.0
Luxembourg,2010,99.99999924891121,100.0,100.0
Luxembourg,2011,100.000002201037,100.0,100.0
Luxembourg,2012,99.95498443882539,99.58130952380941,100.0
Luxembourg,2013,99.90289776366,99.0686666666666,100.0
Luxembourg,2014,99.85405610037029,98.55730952380951,100.0
Luxembourg,2015,99.8082179296171,98.047238095238,100.0
Luxembourg,2016,99.7651683364234,97.53845238095231,100.0
Luxembourg,2017,99.72467621926809,97.0309523809523,100.0
Morocco,2000,54.7750040966432,18.9611085420537,86.1100647290679
Morocco,2001,55.696559020618494,20.2719113540008,86.28631205714649
Morocco,2002,56.6113436870106,21.5827141659475,86.46255938522509
Morocco,2003,57.518047070118996,22.8935169778947,86.6388067133037
Morocco,2004,58.4173273612969,24.2043197898414,86.8150540413822
Morocco,2005,59.4339894313175,25.5151226017881,86.99130136946079
Morocco,2006,60.46396821460879,26.8259254137353,87.16754869753929
Morocco,2007,61.480375649879704,28.136728225682003,87.3437960256179
Morocco,2008,62.4826609415337,29.447531037629105,87.52004335369641
Morocco,2009,63.470330832248294,30.758333849575802,87.696290681775
Morocco,2010,64.44515251006361,32.0691366615225,87.8725380098535
Morocco,2011,65.4054942922637,33.3799394734697,88.04878533793209
Morocco,2012,66.35199332489739,34.6907422854164,88.22503266601059
Morocco,2013,67.2841847202062,36.0015450973636,88.40127999408921
Morocco,2014,68.20269278129871,37.3123479093103,88.5775273221678
Morocco,2015,69.1070814408172,38.623150721257,88.7537746502463
Morocco,2016,69.9979419167291,39.9339535332042,88.93002197832492
Morocco,2017,70.26643982954761,39.9339535332042,88.93002197832492
Nepal,2000,23.928299201782302,22.225158956803604,34.9380099949323
Nepal,2001,24.162078723087202,22.4233583132835,34.8899900254821
Nepal,2002,24.361745292044002,22.6215576697632,34.8419700560319
Nepal,2003,24.560564521719602,22.8197570262431,34.793950086581695
Nepal,2004,24.7585044901823,23.017956382722897,34.7459301171315
Nepal,2005,24.955525819612102,23.2161557392027,34.6979101476812
Nepal,2006,25.151594192492198,23.414355095682602,34.649890178231004
Nepal,2007,25.346778905174,23.6125544521624,34.6018702087808
Nepal,2008,25.5409289926132,23.8107538086423,34.5538502393306
Nepal,2009,25.7340098938542,24.008953165121998,34.5058302698804
Nepal,2010,25.9259818266323,24.207152521601895,34.4578103004302
Nepal,2011,26.116910229970998,24.4053518780817,34.40979033098
Nepal,2012,26.307140253914,24.6035512345615,34.3617703615298
Nepal,2013,26.4963124676544,24.8017505910413,34.3137503920796
Nepal,2014,26.6846549846987,24.999949947521202,34.265730422629396
Nepal,2015,26.871909260847502,25.198149304001003,34.217710453179194
Nepal,2016,27.058195475109603,25.3963486604808,34.169690483729
Nepal,2017,27.243352886872202,25.594548016960697,34.1216705142787
Nicaragua,2000,48.2597091025091,26.1618709939721,66.2050671778853
Nicaragua,2001,49.11198662019589,27.8422234222783,66.28039689677901
Nicaragua,2002,49.9563290100597,29.5163927923975,66.35572661567271
Nicaragua,2003,50.3579094517424,30.2033484262209,66.4310563345664
Nicaragua,2004,50.4299171057796,30.149089797444,66.5063860534601
Nicaragua,2005,50.50377047446779,30.094831168667103,66.5817157723539
Nicaragua,2006,50.5941317856876,30.040572539890103,66.6570454912476
Nicaragua,2007,50.6846343596868,29.9863139111132,66.7323752101413
Nicaragua,2008,50.7760162226035,29.932055282336197,66.807704929035
Nicaragua,2009,50.8675371568832,29.877796653559297,66.88303464792871
Nicaragua,2010,50.95956783326079,29.8235380247823,66.9583643668225
Nicaragua,2011,51.05210380912539,29.7692793960054,67.0336940857162
Nicaragua,2012,51.1451486956081,29.7150207672284,67.1090238046099
Nicaragua,2013,51.2387030732201,29.6607621384515,67.1843535235036
Nicaragua,2014,51.3323888819016,29.6065035096745,67.2596832423973
Nicaragua,2015,51.4265789718486,29.552244880897604,67.3350129612911
Nicaragua,2016,51.5212747402271,29.4979862521207,67.4103426801848
Nicaragua,2017,51.60051103943561,29.4979862521207,67.4103426801848
Nigeria,2000,15.3815146803736,11.0769031303161,23.432273411959
Nigeria,2001,15.7473360763361,11.4469316916851,23.503353246556
Nigeria,2002,16.0646388459546,11.7464956518931,23.574433081153103
Nigeria,2003,16.3763867086201,12.041646647271302,23.645512915750103
Nigeria,2004,16.682518549063097,12.33238467782,23.716592750347
Nigeria,2005,16.982869987221,12.618709743538801,23.787672584944
Nigeria,2006,17.2776276012681,12.9006218444281,23.858752419541002
Nigeria,2007,17.5668620613858,13.1781209804878,23.929832254138
Nigeria,2008,17.850644988708197,13.451207151717698,24.000912088735
Nigeria,2009,18.1286377035862,13.719880358118,24.071991923332
Nigeria,2010,18.4012437539808,13.9841405996886,24.143071757929
Nigeria,2011,18.6673508572602,14.243987876429602,24.214151592526
Nigeria,2012,18.9271094511801,14.4994221883408,24.285231427122998
Nigeria,2013,19.1804775710719,14.7504435354225,24.35631126172
Nigeria,2014,19.427613858025502,14.997051917674401,24.427391096317
Nigeria,2015,19.6686747698406,15.2392473350967,24.498470930914003
Nigeria,2016,19.9035417358229,15.477029787689302,24.569550765510996
Nigeria,2017,20.132560483033103,15.710399275452302,24.640630600108
North Macedonia,2000,97.3422728876882,95.25511428204099,98.81998170657971
North Macedonia,2001,97.33482524535259,95.25511428204099,98.81998170657971
North Macedonia,2002,97.32737177891909,95.25511428204099,98.81998170657971
North Macedonia,2003,97.31991827696041,95.25511428204099,98.81998170657971
North Macedonia,2004,97.3124349095064,95.25511428204099,98.81998170657971
North Macedonia,2005,96.6778289008,95.1126603913392,97.8331785484237
North Macedonia,2006,96.04684979123421,94.9700761650598,96.84653921886351
North Macedonia,2007,95.41873096556151,94.82736160320292,95.86006371789921
North Macedonia,2008,94.792712009825,94.68451670576852,94.87375204553071
North Macedonia,2009,93.0820873627935,92.0092045996552,93.88760420175801
North Macedonia,2010,91.2820409016995,89.1273449076717,92.90162018658121
North Macedonia,2011,89.48186409461691,86.24334764397909,91.91580000000009
North Macedonia,2012,87.6832469748956,83.3572128085756,90.9301436420149
North Macedonia,2013,85.8880044897007,80.4689404014622,89.94465111262551
North Macedonia,2014,84.650206562184,77.5501337198052,89.94465111262551
North Macedonia,2015,83.4224002097033,74.63132703814729,89.94465111262551
North Macedonia,2016,82.20748176097351,71.7125203564902,89.94465111262551
North Macedonia,2017,81.00795468845321,68.79371367483229,89.94465111262551
Pakistan,2000,37.862026922055,31.594230475746397,50.597922441270896
Pakistan,2001,37.90138334800871,31.6550625313422,50.4806257878244
Pakistan,2002,37.9404085671924,31.7158945869381,50.3633291343779
Pakistan,2003,37.978719651699,31.776726642533898,50.2460324809313
Pakistan,2004,38.016501796839,31.837558698129698,50.128735827484896
Pakistan,2005,37.8221178754801,31.8983907537256,49.330349535481304
Pakistan,2006,37.625541190738794,31.9592228093214,48.53515809396111
Pakistan,2007,37.4267588874536,32.0200548649172,47.7431615029235
Pakistan,2008,37.225621312134294,32.0808869205131,46.954359762369
Pakistan,2009,37.0221455368834,32.1417189761089,46.168752872297404
Pakistan,2010,36.816482281174004,32.2025510317047,45.3863408327088
Pakistan,2011,36.608626536215404,32.2633830873006,44.6071236436034
Pakistan,2012,36.398574297863796,32.3242151428964,43.831101304980706
Pakistan,2013,36.1861033162768,32.385047198492195,43.058273816841094
Pakistan,2014,35.9714582123584,32.445879254088105,42.288641179184395
Pakistan,2015,35.7546325826369,32.5067113096839,41.5222033920107
Pakistan,2016,35.5356213863318,32.5675433652797,40.7589604553202
Pakistan,2017,35.3143465348217,32.6283754208756,39.9989123691124
Paraguay,2000,49.3639363875556,26.741683190142698,67.62699648936129
Paraguay,2001,50.4042742205822,28.170775053979803,67.8975733857141
Paraguay,2002,51.429513900324004,29.5998669178164,68.1681502820669
Paraguay,2003,52.343923592257795,31.0289587816535,68.43872717841971
Paraguay,2004,53.231831289695606,32.458050645490104,68.7093040747725
Paraguay,2005,54.1121407663445,33.8871425093272,68.9798809711254
Paraguay,2006,54.984510046835204,35.3162343731639,69.2504578674781
Paraguay,2007,55.84897574961471,36.745326237001,69.521034763831
Paraguay,2008,56.7058868353891,38.174418100837606,69.7916116601837
Paraguay,2009,57.554941318548,39.6035099646747,70.0621885565366
Paraguay,2010,58.3961728282052,41.0326018285114,70.3327654528893
Paraguay,2011,59.2296130143106,42.4616936923484,70.6033423492422
Paraguay,2012,60.055571488814294,43.890785556185506,70.87391924559499
Paraguay,2013,60.86552311906179,45.3198774200222,71.1444961419478
Paraguay,2014,61.665548794651,46.7489692838593,71.41507303830059
Paraguay,2015,62.45892138763929,48.17806114769589,71.68564993465341
Paraguay,2016,63.24589879726211,49.607153011533,71.9562268310062
Paraguay,2017,63.894569280344,50.728686295824005,72.2064769603427
Peru,2000,45.06945019414471,14.046839446262698,56.5191294778637
Peru,2001,45.44669451914721,14.4411819663613,56.6554207362298
Peru,2002,45.820170080355304,14.83552448646,56.791711994595794
Peru,2003,46.1903174807156,15.2298670065586,56.9280032529619
Peru,2004,46.5567434658113,15.6242095266573,57.064294511327894
Peru,2005,46.919075983165705,16.018552046756,57.200585769694
Peru,2006,47.2781722042967,16.4128945668546,57.3368770280601
Peru,2007,47.633233401854895,16.807237086953197,57.4731682864262
Peru,2008,47.932579941193,17.201579607052,57.6094595447923
Peru,2009,48.20655259985371,17.5959221271506,57.745750803158295
Peru,2010,48.479548624756,17.9902646472492,57.8820420615244
Peru,2011,48.7507771844954,18.384607167347898,58.0183333198905
Peru,2012,49.021043174302704,18.7789496874466,58.1546245782565
Peru,2013,49.28955702898401,19.1732922075452,58.2909158366226
Peru,2014,49.5567301252226,19.5676347276438,58.4272070949887
Peru,2015,49.8229567561854,19.9619772477425,58.563498353354795
Peru,2016,50.0874616343989,20.3563197678411,58.699789611720895
Peru,2017,50.350651623840506,20.7506622879398,58.836080870086896
Philippines,2000,36.015988356143104,21.4217171090597,53.0555560048623
Philippines,2001,36.1061108813554,21.563284195596104,53.1437993817365
Philippines,2002,38.217801198117705,23.811161018887,55.1537908039746
Philippines,2003,40.3476888235705,26.0865141080957,57.170153634418604
Philippines,2004,42.4958266721777,28.3893434632229,59.1928878730686
Philippines,2005,44.2292504083664,30.7196490842695,60.2746723203903
Philippines,2006,44.6643906464971,31.4826850627947,60.374095899389104
Philippines,2007,44.794097261744795,31.6828057605896,60.473519478388006
Philippines,2008,44.923973657948295,31.8829264583845,60.572943057387
Philippines,2009,45.0543068063004,32.0830471561793,60.672366636385895
Philippines,2010,45.1976309346501,32.2831678539742,60.771790215384705
Philippines,2011,45.4060396322974,32.483288551769,60.8712137943836
Philippines,2012,45.614067239644605,32.6834092495639,60.9706373733825
Philippines,2013,45.821992793488505,32.8835299473588,61.070060952381404
Philippines,2014,46.029253725504205,33.083650645153696,61.1694845313803
Philippines,2015,46.2364116769168,33.2837713429485,61.2689081103792
Philippines,2016,46.4431850026817,33.4838920407434,61.3683316893781
Philippines,2017,46.65401909712111,33.6840127385382,61.467755268377
Serbia,2000,74.4937324140698,66.5834710636301,81.5738268004571
Serbia,2001,74.5122351890917,66.5697017043689,81.5578764605987
Serbia,2002,74.5307289085567,66.5559323451076,81.5419261207403
Serbia,2003,74.5490632445245,66.5421629858463,81.52597578088191
Serbia,2004,74.56768679130259,66.528393626585,81.5100254410235
Serbia,2005,74.5860016820515,66.5146242673237,81.4940751011651
Serbia,2006,74.6043066977449,66.50085490806241,81.4781247613067
Serbia,2007,74.6227518547132,66.4870855488011,81.4621744214483
Serbia,2008,74.6410369376793,66.4733161895399,81.44622408158979
Serbia,2009,74.65931364323849,66.4595468302786,81.43027374173141
Serbia,2010,74.6774278145268,66.4457774710173,81.41432340187299
Serbia,2011,74.695686630522,66.432008111756,81.39837306201458
Serbia,2012,74.7018102139347,66.4182387524947,81.3824227221562
Serbia,2013,74.7037430490918,66.4044693932334,81.36647238229779
Serbia,2014,74.70582010453042,66.39070003397221,81.35052204243941
Serbia,2015,74.70773845697529,66.3769306747109,81.334571702581
Serbia,2016,74.7098016538967,66.3631613154496,81.3186213627226
Serbia,2017,74.729544804735,66.3631613154496,81.3186213627226
Sierra Leone,2000,4.73889630844663,1.51959663079478,10.5559735892646
Sierra Leone,2001,4.8914275438510195,1.6719355342477802,10.6481304476211
Sierra Leone,2002,5.118881416062,1.9418557433502701,10.7402873059776
Sierra Leone,2003,5.35806020374697,2.23141357582679,10.832444164334
Sierra Leone,2004,5.60881470292954,2.54060903167733,10.9246010226905
Sierra Leone,2005,5.8773495298088205,2.8694421109019,11.016757881047
Sierra Leone,2006,6.16149327731591,3.2179128135005803,11.108914739403401
Sierra Leone,2007,6.45605735534251,3.58602113947321,11.201071597759901
Sierra Leone,2008,6.7607982747293605,3.9737670888198595,11.2932284561163
Sierra Leone,2009,7.07539947646401,4.38115066154059,11.385385314472801
Sierra Leone,2010,7.3996224029172994,4.808171857635299,11.4775421728293
Sierra Leone,2011,7.733290163197241,5.25483067710403,11.5696990311857
Sierra Leone,2012,8.07615076941019,5.7211271199469005,11.661855889542197
Sierra Leone,2013,8.42783841214118,6.20706118616369,11.7540127478986
Sierra Leone,2014,8.788224679660209,6.71263287575451,11.8461696062551
Sierra Leone,2015,9.157002777406609,7.23784218871935,11.938326464611599
Sierra Leone,2016,9.53396976319867,7.78268912505823,12.030483322968
Sierra Leone,2017,9.91912664532252,8.347173684771121,12.1226401813245
Sub-Saharan Africa,2000,18.0514347604453,6.8915636679845,42.497159049539206
Sub-Saharan Africa,2001,18.323498472940397,7.02800741817047,42.58651026465979
Sub-Saharan Africa,2002,18.682335614689897,7.202410847006281,42.8505935235435
Sub-Saharan Africa,2003,19.0420667533972,7.3826969072876905,43.097655241111404
Sub-Saharan Africa,2004,19.4527378117565,7.58081123178588,43.455776190956605
Sub-Saharan Africa,2005,19.9190258877892,7.82218214001683,43.8777987774805
Sub-Saharan Africa,2006,20.414657463702603,8.09496125638244,44.32605799934521
Sub-Saharan Africa,2007,20.9261979743166,8.39962145889035,44.7997352756732
Sub-Saharan Africa,2008,21.4875269309189,8.72546074939749,45.280896650622104
Sub-Saharan Africa,2009,22.069963377548298,9.065608548394689,45.7857772839284
Sub-Saharan Africa,2010,22.6772190430079,9.420793014496699,46.318638965948
Sub-Saharan Africa,2011,23.1442509084895,9.66564606926674,46.647082686557894
Sub-Saharan Africa,2012,23.785381256353197,10.0450107200015,47.225590004366104
Sub-Saharan Africa,2013,24.446900415479497,10.4396216196678,47.826318954354
Sub-Saharan Africa,2014,25.127093549995603,10.8480761882076,48.4438073305719
Sub-Saharan Africa,2015,25.8215523286283,11.269429553447402,49.0685461711784
Sub-Saharan Africa,2016,26.5247733657822,11.7035994209912,49.687664284612
Sub-Saharan Africa,2017,27.276702357923398,12.163011703473801,50.383513765388095
Turkmenistan,2000,65.9471485464491,50.2413542543479,84.44908576095091
Turkmenistan,2001,67.1948493515586,52.376522731584394,84.49461849220529
Turkmenistan,2002,68.4561804397216,54.5540024036115,84.5401512234598
Turkmenistan,2003,69.7305191234453,56.7737932704299,84.5856839547142
Turkmenistan,2004,71.0175771135425,59.0358953320403,84.63121668596871
Turkmenistan,2005,72.89149440017141,61.3403085884414,85.890140052974
Turkmenistan,2006,74.787067658607,63.687033039633704,87.1503683588228
Turkmenistan,2007,76.7036814622607,66.076068685618,88.4119016035146
Turkmenistan,2008,78.63979022416271,68.5074155263929,89.67473978705021
Turkmenistan,2009,80.5951501326246,70.98107356195949,90.93888290942871
Turkmenistan,2010,82.5670280026976,73.4970427923173,92.2015131795086
Turkmenistan,2011,84.548095670607,76.0553232174661,93.4496340852427
Turkmenistan,2012,86.5448868811756,78.6559148374069,94.6985628990053
Turkmenistan,2013,88.56068057551451,81.2988176521383,95.9571059999998
Turkmenistan,2014,90.23609246452222,83.98403166166091,96.50794117647058
Turkmenistan,2015,91.7130974974484,86.71155686597571,96.65161764705879
Turkmenistan,2016,93.00560112867642,89.10392156862741,96.795294117647
Turkmenistan,2017,93.9039915635385,90.7257352941178,96.9389705882353
Uganda,2000,4.77459555750184,1.13330589865173,25.759909564942898
Uganda,2001,4.91586147643927,1.28316033757363,25.1809363567606
Uganda,2002,5.0579640712755705,1.43872029650078,24.600397893279
Uganda,2003,5.2005902681290195,1.59998577543327,24.018294174498
Uganda,2004,5.34363888288523,1.7669567743710402,23.4346252004177
Uganda,2005,5.485927855535881,1.9396332933140599,22.849390971038105
Uganda,2006,5.628207531345531,2.11801533226242,22.262591486359
Uganda,2007,5.769519354893039,2.30210289121603,21.674226746380896
Uganda,2008,5.90992290610014,2.49189597017496,21.0842967511032
Uganda,2009,6.048699315042991,2.6873945691392005,20.4928015005262
Uganda,2010,6.18586835594123,2.88859868810867,19.8997409946499
Uganda,2011,6.32089618216375,3.0955083270834796,19.3051152334742
Uganda,2012,6.45358302494678,3.30812348606353,18.7089242169991
Uganda,2013,6.583110714322519,3.52644416504894,18.1111679452247
Uganda,2014,6.70971686414369,3.75047036403962,17.511846418151
Uganda,2015,6.83272692343049,3.98020208303554,16.910959635778
Uganda,2016,6.951529781936611,4.2156393220368304,16.3085075981056
Uganda,2017,7.065800299906559,4.45678208104333,15.7044903051338
Uzbekistan,2000,56.3409892145067,32.460133338359796,84.2332255375398
Uzbekistan,2001,56.4831798328987,32.1589978440278,84.3500925845643
Uzbekistan,2002,56.627217571475704,31.851781102365198,84.4669596315888
Uzbekistan,2003,56.772683356921995,31.538483113372003,84.5838266786132
Uzbekistan,2004,56.9191467954434,31.219103877048504,84.7006937256377
Uzbekistan,2005,57.0666935904687,30.8936433933944,84.8175607726622
Uzbekistan,2006,57.2159593079957,30.562101662409702,84.93442781968659
Uzbekistan,2007,57.3664951935377,30.2244786840946,85.05129486671109
Uzbekistan,2008,57.51838639900561,29.880774458449,85.16816191373559
Uzbekistan,2009,57.930765206358096,30.0551292078616,85.2850289607601
Uzbekistan,2010,58.343138980507405,30.229483957274198,85.4018960077845
Uzbekistan,2011,58.5951235976495,30.403838706686802,85.518763054809
Uzbekistan,2012,58.6850150839779,30.5781934560994,85.6356301018335
Uzbekistan,2013,58.77502223508721,30.752548205512,85.752497148858
Uzbekistan,2014,58.8359092520125,30.8768463906388,85.8602564936697
Uzbekistan,2015,58.8588351796546,30.947145265573003,85.9455485075963
Uzbekistan,2016,58.88146681257879,31.016975821169897,86.03077792223351
Uzbekistan,2017,58.9038053495427,31.086342721690603,86.1159448064723
World,2000,61.2543373966607,39.4360984479826,86.1791878576962
World,2001,61.7045424706668,39.926123737412,86.1355468662002
World,2002,62.83691798569961,41.453640394620294,86.34688082901769
World,2003,63.6094070896091,42.5522783678291,86.2974911325044
World,2004,63.930153537057706,42.7912143207267,86.2479174746518
World,2005,64.24245882576379,43.0323266948701,86.1803910548288
World,2006,64.5668841235824,43.296149599251606,86.1283521230842
World,2007,64.8822099988198,43.5594605943772,86.0731149205963
World,2008,65.198628639551,43.82960122986339,86.0105644344075
World,2009,65.8520336737661,44.802099104700794,85.94473263679649
World,2010,66.49626009254621,45.78517076228721,85.8732813022202
World,2011,67.129065802907,46.8195629377378,85.7798050117097
World,2012,67.7430493776516,47.85402388809361,85.6816647930635
World,2013,68.3462761948515,48.89292563434,85.579366161534
World,2014,68.94266212540491,49.937638928937105,85.4778042045277
World,2015,69.5327386036433,50.9864800522657,85.3773743318481
World,2016,70.1035572231587,52.0242007418694,85.2696079691643
World,2017,70.6448800850252,53.0371646300924,85.14747890421941
